Tier,Logo,Source width,Source height,PNG width,PNG height
01_Title_Sponsor,Anvita,135,118,2000,1748
01_Title_Sponsor,Manepally_Jewellers,321,88,2000,548
02_Powered_By,Daredia_Constructions,155,67,2000,865
02_Powered_By,Finecab,155,67,2000,865
02_Powered_By,Radha_TMT,155,67,2000,865
02_Powered_By,Truzon_Solar,155,68,2000,877
03_In_Association_With,Bajaj_Electronics,153,56,2000,732
03_In_Association_With,Dukes_Biscuits,153,53,2000,693
03_In_Association_With,STANJO,153,56,2000,732
03_In_Association_With,Trishala_Jewellers,153,53,2000,693
04_Official_Partners,Click_Magik,163,90,2000,1104
04_Official_Partners,Purview_Digital,164,90,2000,1098
05_Platinum_Sponsors,Aegis_Automation,88,62,2000,1409
05_Platinum_Sponsors,ERAYA,88,62,2000,1409
05_Platinum_Sponsors,Hitesh_Saraf,88,62,2000,1409
05_Platinum_Sponsors,Katiyani,88,62,2000,1409
05_Platinum_Sponsors,Kulture,88,62,2000,1409
05_Platinum_Sponsors,Labdhi_Watches,88,62,2000,1409
05_Platinum_Sponsors,PAREKH,89,62,2000,1393
05_Platinum_Sponsors,Paras_Oil,88,62,2000,1409
05_Platinum_Sponsors,Scape_R,88,62,2000,1409
05_Platinum_Sponsors,Skyline_Backpackers,88,62,2000,1409
06_Gold_Sponsors,Autofin,109,67,2000,1229
06_Gold_Sponsors,Balaji_Decor,91,67,2000,1473
06_Gold_Sponsors,MOHA_INDIA,91,67,2000,1473
06_Gold_Sponsors,Macobrew_Cafe,89,67,2000,1506
06_Gold_Sponsors,Navkar_Gold_World,89,67,2000,1506
06_Gold_Sponsors,The_VogueNaari,91,67,2000,1473
07_Silver_Sponsors,Gold_Mustard_Oil,97,67,2000,1381
07_Silver_Sponsors,Narsing_Chat_Bhandar,94,67,2000,1426
07_Silver_Sponsors,Shreewalia,94,67,2000,1426
08_Gifting_Partners,GD_Creations,117,54,2000,923
08_Gifting_Partners,Himalaya_Crockery_World,116,54,2000,931
08_Gifting_Partners,Kathiawar_Stores,119,54,2000,908
08_Gifting_Partners,Mohini_Collection,116,48,2000,828
08_Gifting_Partners,Pooja_Sarees_Couture,117,54,2000,923
08_Gifting_Partners,Sri_Krishna_Silks,114,48,2000,842
08_Gifting_Partners,Sri_Lalit_Metals,118,48,2000,814
09_Event_Content_Partners,Desi_Events,66,47,2000,1424
09_Event_Content_Partners,KSHN,69,47,2000,1362
09_Event_Content_Partners,Krupa_Patel,70,47,2000,1343
09_Event_Content_Partners,Praveen_PX,67,47,2000,1403
09_Event_Content_Partners,Seven_Lake_View,67,47,2000,1403
09_Event_Content_Partners,Sujata,67,47,2000,1403
10_Ticketing_Partners,BookMyShow,127,55,2000,866
10_Ticketing_Partners,District,102,55,2000,1078
10_Ticketing_Partners,Namo_Navkar,81,56,2000,1383
10_Ticketing_Partners,Stories,58,55,2000,1897
11_Supported_By,Gujarati_Welfare_Society,83,65,2000,1566
12_Organised_By,Navkar_Entertainments,99,101,2000,2040
